Index,cryptid-name,Aliases/Also Known As,Media Mentions,Type,Specific Location(s),Folklore,Traits,Danger Level,Behavior,Summary,First Reported Sightings,Reported Sightings (Approx.),Hoaxes,Debunked (Y/N),Cryptid Popularity Score
1,Á Bao A Qu,N/A,Mentioned in Borges’ Book of Imaginary Beings and occasionally referenced in philosophical discussions on imaginary entities. Sparse appearances in literary analysis texts and metafiction essays. Media mentions are almost nonexistent outside academic or surrealist literature circles.,Spirit Entity,"India, Rajasthan, Chitor","Originates from Borges’ literary invention, said to haunt the Tower of Victory in India as a spiritual mirror.","Glowing, translucent, silent, humanoid shape, dependent on purity",3.5,"It is passive and non-aggressive, remaining still until approached by a pure soul. When touched by impurity, it retreats and fades.","Á Bao A Qu is a spectral being said to inhabit the Tower of Victory in Chitor, India. According to legends, the spirit glows more brightly and gains definition when approached by someone of moral excellence. The purer the soul, the more complete the form becomes. If touched by someone impure, it recoils and dissolves into obscurity. This creature represents the connection between spiritual purity and metaphysical form. It does not speak or interact violently. Folklore describes it as watching quietly until disturbed. No physical evidence or sightings exist beyond literary mention.",1948,1,"Believed to be a symbolic invention by Borges rather than a product of historical sightings. It has no ties to any real-world culture or documented encounter. Its role is purely literary, serving as an allegorical creature within Borges’ philosophical work.",Yes,2
2,A-Mi-Kuk,Amikuk,Appears in a small number of Inuit folklore compilations and regional ethnographic notes. Mentioned briefly in niche online lists of Arctic cryptids and mythic beasts. Media mentions are virtually nonexistent outside native oral tradition write-ups.,Humanoid Cryptid,"Alaska, Arctic Circle, Inuit territories",Inuit folklore describes it as a sea creature that emerges from beneath ice to drag prey below.,"Tall, shadowy, human-shaped, silent, persistent",7,"Described as silent but relentless, typically emerging in icy regions to stalk travelers. Rarely interacts directly but induces fear and paranoia.","The A-Mi-Kuk is a shadowy humanoid figure from Inuit folklore believed to roam the Arctic wilderness. It is often depicted as a tall, silent stalker that trails behind hunters or explorers. The creature does not physically attack but instills overwhelming dread in those who sense it nearby. Legends suggest it is a spirit or entity born of the harsh landscape itself. A-Mi-Kuk has no known physical footprints or evidence, contributing to its spectral nature. It has been passed down through generations in oral tradition as a cautionary tale. Its role appears more psychological than physical, acting as a symbol of isolation and survival fears. No sightings have been formally documented in modern times.",1700s,12,No confirmed hoaxes have been documented. The creature exists primarily in Inuit oral tradition and is regarded as a cultural myth. Modern claims lack physical evidence and are considered folkloric rather than fabricated.,No,1
3,Aatxe,Aatxegorri,"Referenced occasionally in Basque mythological encyclopedias and academic papers on Iberian folklore. A few fringe cryptozoology articles include passing mentions, often without citations. Media mentions are rare and largely confined to regional folklore digests.",Shapeshifter,"Spain, Basque Country",Basque legend portrays it as a protective red bull spirit that punishes evildoers.,"Shapeshifting, glowing red, horned, nocturnal, wrathful",6,Typically remains hidden but emerges at night to confront evildoers. Avoids human settlements unless drawn by sin or conflict.,"Aatxe is a powerful shapeshifting spirit from Basque mythology, known for transforming into a red bull with glowing features. It is believed to emerge from caves to punish those who engage in evil deeds or disrespect the natural world. Aatxe represents divine justice and serves as a guardian of the innocent. It is most active at night and avoids daylight. Sightings typically involve brief encounters in mountainous regions. The creature is revered rather than feared among locals. Stories often place it near ancient megaliths or sacred groves. Aatxe is deeply tied to regional identity and spiritual symbolism. Though considered mythological, it retains cultural significance in Basque folklore.",1500s,25,There are no known hoaxes involving Aatxe. The red bull spirit originates from Basque mythology and is interpreted as a symbol of justice and morality. Its appearance in stories is metaphorical rather than literal.,Yes,3
4,Abada,African Unicorn,Cited briefly in historical bestiaries and European unicorn compendiums. Reappears sporadically in online fantasy creature databases. Media mentions are minimal and limited to derivative lists or mythological overviews.,Mythical Beast,Democratic Republic of the Congo,"Central African stories describe it as a two-horned antelope with magical, healing properties.","Two-horned, donkey-sized, greenish tint, fast, elusive",2.5,"Shy and reclusive, it avoids human interaction and hides in dense vegetation.","The Abada is a lesser-known African unicorn-like creature described in early colonial accounts and folklore. Unlike the traditional European unicorn, it has two horns and resembles a small donkey or antelope. Some reports describe it as having a greenish hue or magical properties. It is said to be gentle and elusive, living deep within jungles and rarely seen. Portuguese explorers in the 16th century wrote of similar beasts in the Congo. The Abada may have originated as a misidentified rhinoceros or antelope. It is often invoked in legends as a symbol of purity and peace. The creature has not appeared in modern cryptid reports, suggesting it may be purely folkloric.",1570,7,"Abada is often viewed as a fantastical variation of the rhinoceros described in early colonial accounts. There are no explicit hoaxes tied to it, but many of its characteristics appear to be exaggerations or misunderstandings by European explorers.",Yes,2
5,Abaia,N/A,Mentioned in Melanesian folklore anthologies and cryptozoology blogs. Brief references in Pacific island myth studies and speculative creature books. Media mentions are almost nonexistent outside cultural storytelling collections.,Aquatic Cryptid,"Fiji, Vanuatu, Solomon Islands",Melanesian mythology speaks of it as a giant eel that defends sacred freshwater lakes from intruders.,"Giant eel-like, magical, glowing eyes, water-dwelling, vengeful",7.5,Generally peaceful unless its waters are threatened. Then it becomes violently protective and aggressive.,"Abaia is a mythical eel-like creature from Melanesian folklore said to inhabit deep lakes and guard them fiercely. It is considered a guardian spirit of aquatic life, punishing those who pollute or exploit its habitat. The creature is said to be massive in size, often with glowing eyes and mystical power. When angered, it causes floods or swallows intruders whole. Legends often depict Abaia as wise and deeply connected to its environment. It rarely reveals itself unless provoked. Some tribes perform rituals to appease it before fishing. It plays an important role in environmental respect and balance in island cultures.",1890s,3,No hoaxes have been recorded for Abaia. It is a spiritual guardian figure in Melanesian mythology and is treated with reverence in its native culture. Its role is symbolic rather than zoological.,No,3
6,Abarimon,Backward-Footed People,"Appears in classical and medieval travelogues, usually as a curiosity among imagined tribes. Referenced occasionally in fringe anthropology forums and speculative human evolution texts. Media mentions are limited and typically restate older textual myths.",Mythical Beast,"India (historically Scythia), remote valleys",Classical writings mention a tribe of backward-footed people confined to a remote valley.,"Human-like, backwards feet, fast runners, inhospitable environment dwellers",3,"Said to be quick and territorial, rarely seen by outsiders. Interactions with them are minimal and brief.","Abarimon refers to a mythical tribe described in ancient texts as having backward-facing feet and incredible agility. These beings were believed to live in remote mountain regions, isolated from the rest of humanity. They were said to be adapted so completely to their environment that removal from it led to death. Ancient authors treated them as both marvels and warnings about nature’s extremes. Though often considered human, they were never seen in modern times and are thought to be allegorical or misinterpreted tribes. The concept persisted through medieval bestiaries and travelers' tales. No archaeological evidence supports their existence. Their story reflects early attempts to catalog exotic peoples without scientific basis.",23 CE,0,"The Abarimon appears in medieval bestiaries and classical writings, often described as backward-footed humanoids. There are no modern hoaxes associated with it, as it functions more as a mythical anthropological curiosity.",Yes,2
7,Abath,N/A,"Cited only in obscure, untranslated regional folklore manuscripts. Absent from major creature catalogs or cultural encyclopedias. Media mentions are effectively nonexistent.",Aquatic Cryptid,"Congo River Basin, Democratic Republic of the Congo",Maritime lore references it as a fog-born entity associated with omens and vanishings.,"Elongated body, scaled hide, bioluminescent eyes",6.5,Abath is believed to be territorial and reacts aggressively when approached. It tends to remain hidden beneath murky waters and is seldom seen unless provoked.,"The Abath is an elusive aquatic creature reported to inhabit the dark waters of the Congo River Basin. Descriptions often portray it as an eel-like entity with glowing eyes and armored scales. Fishermen have avoided areas rumored to be Abath territory due to disappearances and capsized boats. The creature is said to emit a low-frequency hum detectable before an encounter. While sightings are rare, its lore persists in riverside villages. No physical evidence has ever been gathered. Cryptozoologists classify it among the lesser-known water cryptids. It remains a point of cautionary tales and riverside folklore.",1800s,2,No documented hoaxes are tied to Abath. It exists primarily in regional folklore with very limited exposure outside oral accounts. It is regarded as a niche mythical figure rather than a widespread deception.,No,1
8,Abatwa,N/A,Referenced occasionally in academic works on African and Pygmy folklore. A few children’s mythology books include token entries. Media mentions are rare and mostly folkloric in focus.,Humanoid Cryptid,"KwaZulu-Natal, South Africa","Zulu oral tradition holds that they are tiny, ant-riding people visible only to the pure of heart.","Tiny stature, human-like, elusive",2,"They are described as shy and reclusive, fleeing upon detection. They are believed to live in anthills and ride ants as mounts.","The Abatwa are miniature humanoids from Zulu mythology, said to be no taller than a few inches. They are considered one of the smallest humanoid cryptids ever recorded. Legends describe them as fully sentient beings with their own society and rules. They only reveal themselves to children under four years old, witches, or those close to death. In folklore, they often ride ants and carry tiny spears. Despite their harmless nature, offending them is said to bring misfortune. There are no confirmed sightings or physical evidence. The Abatwa persist as symbolic creatures within African spiritual traditions.",1850s,10,"Abatwa are considered spiritual or mythic beings in Zulu and other African folklore. There is no evidence of deliberate hoax, as their existence is firmly rooted in cultural storytelling rather than attempts to deceive.",No,2
9,Abbagoochie,N/A,Mentioned sporadically on cryptid discussion boards and in regional Appalachian folklore roundups. A few amateur documentaries reference it as a lesser-known Southern U.S. legend. Media mentions are scarce and limited to fringe outlets.,Mammalian Cryptid,"Appalachian Mountains, Tennessee, USA",Appalachian folklore claims it was a military-bred predator capable of wiping out livestock.,"Fanged, fast-moving, fur-covered, red-eyed",8.5,"It is said to be extremely aggressive and predatory, targeting livestock and small animals. Accounts often describe it vanishing into the woods after an attack.","The Abbagoochie is an alleged experimental hybrid said to have escaped from military testing and now roams the Tennessee wilderness. Descriptions vary, but most agree on a fur-covered, fanged predator with glowing red eyes. It has been compared to a cross between a wildcat and an alien. Reports suggest the creature attacks without provocation and moves with unnatural speed. While no bodies or physical evidence have been recovered, sporadic livestock killings have been attributed to it. Some cryptozoologists believe it's a modern myth or local boogeyman. Others treat it as a cryptid worth further study. Rumors link its origin to Cold War bioengineering, but no official records exist.",1940s,5,"Often referenced in Appalachian folklore, the Abbagoochie is said to have been created by the military, though this claim lacks any supporting evidence. Some believe the story may have been fabricated as a local prank or tall tale. No formal investigation into hoax claims has occurred, but skepticism is high due to its origins.",Yes,4
10,Aberdeen Carcass,N/A,Reported briefly in UK tabloid articles following a mysterious carcass washing ashore near Aberdeen. Occasionally cited in cryptozoology compilations without confirmed origin. Media mentions are minimal and lack substantial investigation.,Fossil/Extinct Cryptid,"Aberdeen, Scotland","Scottish local legend surrounds the mystery of a massive, unidentified sea creature carcass.","Rotting flesh, massive size, flipper-like appendages",3,It was passive as it was already deceased when discovered. The creature generated more curiosity than fear.,"The Aberdeen Carcass refers to an unidentified animal corpse found washed up on the coast of Aberdeen in the 20th century. The carcass was partially decomposed, leading to speculation that it might be a surviving prehistoric marine reptile. Photographs and samples were taken before the remains decayed or were discarded. Experts disagreed on its identity, with suggestions ranging from basking shark to plesiosaur. The mystery was fueled by the ambiguous nature of the body's features. No definitive classification was ever reached. The event remains a footnote in cryptozoological history.",1900,1,"The carcass was initially claimed to be a mysterious sea creature, but later assessments suggested it was likely a decomposed basking shark or known marine animal. While not a deliberate hoax, early interpretations were fueled by sensationalism. The lack of scientific rigor at the time contributed to its misidentification.",Yes,5
11,Abereen Wildman,N/A,Mentioned in fringe African cryptid compilations and speculative zoology blogs. No mainstream or scholarly sources corroborate the name or origin. Media mentions are nearly nonexistent and unverified.,Humanoid Cryptid,"Aberdeenshire, Scotland",Scottish tales speak of a hairy forest-dwelling humanoid spotted in remote regions.,"Hair-covered, tall, strong, human-like",6,Avoids human contact but reacts defensively when threatened. Often seen foraging or roaming hillsides alone.,"The Abereen Wildman is a regional variant of the European wild man tradition, said to inhabit remote woodlands of northeastern Scotland. Descriptions suggest a bipedal, ape-like creature covered in dark hair. Unlike Bigfoot, it is described as smaller and more humanlike. It has been blamed for missing livestock and strange footprints. Witnesses often describe a foul odor and guttural vocalizations. The creature is usually seen at dusk or dawn. Despite local rumors, no formal investigation has confirmed its existence. The Wildman persists more in legend than documented cryptozoology.",1980s,9,"This cryptid is scarcely mentioned outside of speculative lists and lacks any verifiable origin. There are no confirmed hoaxes, though its obscurity suggests it may have been invented or misnamed in cryptid compilations.",No,3
12,Abnauayu,Abnauaiyu,Included in a handful of Caucasus region folklore indexes and rare ethnographic surveys. Appears briefly in Russian cryptozoology texts and isolated expedition anecdotes. Media mentions are extremely limited and not corroborated in global sources.,Humanoid Cryptid,"Caucasus Mountains, Abkhazia (Georgia)","Caucasus mountain folklore depicts it as a reclusive, ape-like wildman surviving in the highlands.","Hairy, bipedal, mute, ape-like",5.5,Keeps distance from humans but has reportedly stolen food or interacted briefly with villagers. Usually avoids direct confrontation.,"The Abnauayu is a wild humanoid said to inhabit the remote forests of Abkhazia. Often compared to the Almas, it is considered a relict hominin or undiscovered primate. Descriptions portray a hairy biped with a sloped forehead and no language ability. Villagers have reported brief encounters, typically at night or during harsh weather. Some accounts suggest family groups exist in the wilderness. Soviet-era scientists documented local beliefs and anecdotal sightings. No physical evidence or photographic proof has emerged. The creature remains a regional cryptid with limited exposure outside Eurasian folklore.",1870s,16,"The Abnauayu is tied to Russian and Caucasian wildman legends. Though no direct hoaxes have been exposed, its similarity to the Almas and other hominid cryptids has led to theories of mistaken identity. It remains unconfirmed and subject to local oral tradition.",No,4
13,Abominable Swamp Blob,N/A,Mentioned sporadically in cryptozoology compilations and internet forums focused on unexplained organic masses. Occasionally cited in connection with “globsters” or sea creature carcasses in tabloid-style reporting. Media mentions are infrequent and lack credible sources or scientific follow-up.,Ooze/Miscellaneous,"St. Augustine, Florida, United States","Often linked to local U.S. legends of mysterious organic masses washing ashore, typically after storms.","Gelatinous, odorless, semi-transparent, stationary, dissolves upon contact",2.5,"It was inert and motionless when found, lacking any indication of aggression. The creature’s stillness and decomposition implied no deliberate behavior.","The Abominable Swamp Blob refers to large, gelatinous, unidentified masses that have been found in swamps and coastal regions, often mistaken for sea monsters or alien life. These blobs are typically discovered washed up on shores or lurking in marshes, with no clear anatomical features. Scientists believe most are decomposed remains of whales or large marine animals, though some cases remain unexplained. Their bizarre appearance and foul odor have cemented them as cryptid curiosities and internet legends.",1955,4,Likely the result of decomposing organic material mistaken for a living entity. No verified reports exist beyond local hearsay and internet forums.,Yes,5
14,Abura Akago,Oil Baby,Referenced primarily in Japanese yokai encyclopedias and art books focused on Edo-period folklore. Rarely appears outside of academic texts on supernatural Japanese entities. Media mentions are minimal and largely limited to cultural studies.,Spirit/Yokai,"Kyoto Prefecture, Japan",Japanese ghost stories describe it as a fireball spirit taking the form of a baby who licks oil from lamps.,"Fiery, infant-like, hovering, light-emitting, ephemeral",1,It appears peacefully as a flame-like infant and is drawn to homes where oil has been wasted. Its behavior is mischievous but nonviolent.,"The Abura Akago is a Japanese yōkai (supernatural entity) described as the ghostly spirit of a child who licks oil from lamps. Originating in Edo-period folklore, this small, glowing red baby appears at night in homes where oil has mysteriously gone missing. It is said to symbolize the greed or carelessness of the living, especially oil thieves. While not dangerous, its eerie presence and disturbing behavior have made it a staple in ghost stories and cautionary tales throughout Japan.",1776,3,Generally considered folklore without credible sightings. Scholars believe it represents a moral tale rather than a physical entity.,Yes,3
15,Abura Sumashi,Oil Ghost,Found in Japanese yokai catalogues and local Kumamoto folklore references. Occasionally included in illustrated guides to Japanese spirits and monsters. Media mentions remain rare outside of niche folkloric or manga contexts.,Spirit/Yokai,"Amakusa, Kumamoto Prefecture, Japan","Kumamoto folklore depicts it as a spirit of someone who stole oil, cursed to roam the mountains forever.","Stone-headed, silent, robed, small stature, wanders rural paths",1,It quietly haunts mountain paths and appears to travelers without engaging. Its presence is more eerie than threatening.,"Abura Sumashi is a mysterious, potato-headed creature from Japanese folklore, particularly from the Kumamoto region. Believed to be the spirit of someone who stole oil in life—a serious offense in times when oil was precious—this squat figure wears a straw cloak and lurks in mountain passes. While not malevolent, it is known to appear suddenly to travelers, delivering a stare that sends chills. The Abura Sumashi reflects moral lessons about karma and respect for natural resources.",1800s,4,Thought to be a fictional creation rooted in regional ghost stories. No photographic or first-hand evidence has ever been substantiated.,Yes,3
16,Abyssal Rainbow Gar,N/A,Mentioned only in deep-sea cryptid lists and speculative aquatic creature blogs. Lacks any credible scientific documentation or firsthand reports. Media mentions are virtually nonexistent outside internet folklore compilations.,Aquatic,"Mariana Trench (off coast of Guam, Western Pacific Ocean)",Referenced in speculative ichthyology as a deep-sea cryptid reportedly spotted near ocean trenches.,"Color-shifting, elongated, deep-dwelling, sharp-toothed, iridescent",4.5,"It drifts through deep ocean currents, avoiding surface disturbance. The creature has shown no interaction with humans and behaves like a passive deep-sea dweller.","The Abyssal Rainbow Gar is a modern cryptid allegedly spotted in the deep ocean, described as a long, iridescent fish with gar-like features and bioluminescent stripes. It has been sighted by deep-sea fishermen and submersible operators, but no verified specimen has ever been captured. Its rainbow shimmer and reclusive habitat make it a favorite in speculative marine biology. Some believe it may be a misidentified oarfish or an undiscovered species adapted to extreme depths.",2007,2,No scientific basis has been established for this creature. The few mentions are likely exaggerations of deep-sea fish with bioluminescence.,No,4
17,Achiyalabopa,Bird Spirit of the Heavens,"Cited in Borges’ Book of Imaginary Beings and sometimes repeated in mythological fantasy collections. Mentioned briefly in Latin American folklore discussions, though without verified indigenous origin. Media mentions are limited to literary references and fictional creature indexes.",Mythical Bird,"Zuni Pueblo, New Mexico, United States","Zuni mythology describes it as a massive sky bird with rainbow-colored feathers, now lost to the world.","Multi-winged, radiant, colossal, feathered, sky-dwelling",6,"It is said to soar silently through high-altitude skies, rarely seen and never attacking. Its movement suggests a majestic but distant temperament.","Achiyalabopa is a divine bird from Pueblo mythology, particularly of the Zuni tribe. It is described as a massive, rainbow-colored avian with metallic feathers that can shoot lightning. Said to be a celestial being or storm spirit, Achiyalabopa serves as both a protector and destroyer, representing nature’s power and unpredictability. Though not a “cryptid” in the modern sense, it features heavily in sacred stories and continues to inspire artwork and storytelling within Indigenous communities.",1700s,0,"Believed to be a mythological symbol of power and flight from Zuni legend. No hoaxes have been formally recorded, but its existence is treated purely as allegorical.",Yes,2
18,Achlis,Moose-Horse,Appears in some medieval bestiaries and classical fantasy texts with uncertain sourcing. Referenced briefly in Borges’ writings as a mythical elk-like animal. Media mentions are infrequent and primarily literary in nature.,Mythical Beast,Roman Empire origin — possibly adapted from Scandinavian elk lore,Ancient Greek sources mention a moose-like creature with backward-facing knees said to live in northern lands.,"Moose-like, awkward-legged, fur-covered, prehistoric, elusive",2,"It is reclusive and avoids direct contact, moving awkwardly through forested regions. Despite its appearance, it displays no signs of hostility.","The Achlis is a creature from Roman and medieval bestiaries, described as a moose-like beast with no joints in its legs, forcing it to sleep standing up or leaning against trees. According to Pliny the Elder and other early sources, it was hunted by cutting down the trees it rested on, causing it to fall helplessly. Though clearly a mythical exaggeration, the Achlis may have been inspired by misinterpretations of elk behavior. It's often cited as an early example of myth blending with misunderstood zoology.",77 CE,1,Widely interpreted as a fictional animal mentioned in ancient texts. Modern scholars regard it as an imaginative construct rather than a genuine cryptid.,Yes,1
19,Adam-ayu,N/A,Rarely mentioned outside of obscure Asian cryptid lists and unverified sightings databases. Lacks coverage in any formal zoological or folkloric literature. Media mentions are negligible and largely anecdotal.,Humanoid,"West Papua Province, Indonesia","Siberian tribal lore speaks of a reclusive, apelike forest creature that avoids human contact.","Hairless, canine-faced, bipedal, nocturnal, muscular",3,"It moves cautiously near riverbanks, often hidden beneath foliage. The creature does not seek confrontation and appears wary of humans.","The Adam-ayu is a little-known cryptid reportedly found in parts of Indonesia. Described as a short, hairy humanoid resembling a primitive ape-man, it is said to avoid human contact and dwell in forested areas. Local tales suggest the Adam-ayu communicates in grunts and shows signs of intelligence, such as tool use and rudimentary shelter-building. Some researchers believe these stories may stem from sightings of undiscovered primates or misidentified humans living off-grid.",1912,3,"Lacks credible documentation or eyewitness accounts. No formal hoaxes are recorded, but its status as a cryptid is based solely on anecdote.",No,2
20,Adam-Dzhapais,N/A,Mentioned occasionally in Central Asian creature compilations and obscure expedition notes. Appears in speculative accounts blending regional myth with hominid lore. Media mentions are extremely limited and unverifiable.,Humanoid,"Altai Mountains, Altai Republic, Russia",Central Asian folklore depicts it as a wild mountain man known for stealing livestock and food from camps.,"Humanoid, tall, forest-dwelling, shy, solitary",4,"It emerges only in brief encounters, displaying confusion rather than aggression. Its behavior seems disoriented, with no known attacks.","Adam-Dzhapais is a wild-man cryptid from Central Asian folklore, often seen as a cousin of the Almasty or Yeti. Described as a large, hairy humanoid with deep-set eyes and a formidable presence, it reportedly lives in remote mountain ranges and avoids contact with humans. Tales from local herders claim it has been seen scavenging or observing humans from a distance. Soviet-era expeditions occasionally noted similar creatures, but no hard evidence has been gathered to support its existence.",1994,2,Primarily referenced in obscure folklore collections with no tangible evidence. Most researchers classify it as mythical or fabricated.,No,2
21,Adar Llwch Gwin,Birds of Rhiannon,Found in a few Welsh myth collections and Arthurian-related fantasy anthologies. Sometimes cited in online lists of magical birds or Celtic creatures. Media mentions are scarce and primarily historical or literary.,Mythical Bird,"Wales, United Kingdom","Welsh mythology describes them as giant, intelligent birds given to warriors by a powerful magician.","Intelligent, avian, obedient, sharp-clawed, Welsh folklore-based",7,"It follows commands with uncanny obedience and displays fierce loyalty. In legends, it acts with strategic precision during battle.","The Adar Llwch Gwin are mythical giant birds from Welsh folklore, said to possess intelligence and the ability to understand human speech. These creatures were believed to be fiercely loyal to their master, acting as messengers and warriors in battle. Their name roughly translates to 'birds of dust and wind,' evoking their swift, powerful presence. The birds were gifted to a legendary warrior, Drudwas ap Tryffin, by his fairy wife and played a tragic role in his downfall when they misinterpreted his orders. Though legendary, they’ve become a symbol of blind loyalty in Welsh myth.",1100s,0,"Rooted in Welsh mythology with no known hoax attempts. Considered allegorical, tied to magical symbolism rather than believed sightings.",Yes,3
22,Adaro,Sea Spirits,Appears in Melanesian mythology studies and is occasionally referenced in Pacific supernatural documentaries. Included in several cryptid encyclopedias with an emphasis on oceanic deities. Media mentions exist but are limited to cultural interpretations.,Aquatic Spirit,"Solomon Islands, Pacific Ocean",Solomon Islands folklore tells of malevolent sea spirits that travel on waterspouts and attack fishermen.,"Merman-like, gilled, spear-throwing, aggressive, dual-natured",8,"It swims aggressively and hurls fish as projectiles at humans, showing territorial hostility. The behavior is unique and violent compared to other oceanic entities.","The Adaro are dangerous aquatic spirits from the mythology of the Solomon Islands. Unlike typical mermaid or sea spirit myths, Adaro are malevolent beings that travel via waterspouts and hurl poisonous fish at humans from the sea. Described as half-man, half-fish, with features like a shark fin, gills behind the ears, and even a pufferfish growing out of their head, they represent a darker counterpart to benevolent sea spirits. They’re believed to dwell in the sun’s western path after sunset, symbolizing danger and death from the ocean depths.",1890s,5,"Originates from Solomon Islands mythology and is treated as a spiritual concept. No hoaxes have been publicly reported, and its depiction remains within oral tradition.",No,4
23,Adjule,Kelb-el-Khela,Featured in North African folklore digests and desert cryptid blogs. Cited in occasional travel and mystery documentaries focused on the Sahara. Media mentions are limited and often speculative or secondhand.,Phantom Canid,"Sahara Desert, Algeria and Mali",Saharan oral tradition claims it is a phantom canine roaming deserts near remote settlements.,"Wolf-like, desert-adapted, silent, elusive, glowing eyes",6.5,"It roams the desert alone or in small packs, maintaining distance from humans. Its actions are defensive when approached but otherwise elusive.","The Adjule is a cryptid canid said to inhabit the harsh expanses of the Sahara Desert. Described as a phantom-like wild dog or hyena with glowing red eyes, the creature is feared by Tuareg nomads who claim it travels in small packs and stalks camps at night. Unlike natural predators, the Adjule is often seen as a ghostly or supernatural entity, believed to bring misfortune or death. Though occasionally considered an undiscovered desert canine, the lack of physical evidence keeps it in the realm of folklore and mystery.",1928,21,Some early photographic “proofs” were later dismissed as misidentified dogs or wolves. Military reports have failed to confirm its presence.,No,4
24,Adlet,Dogmen of the North,Referenced in Inuit mythology summaries and some modern reinterpretations of Arctic folklore. Briefly mentioned in books exploring werewolf-like creatures globally. Media mentions are sparse but more consistent than most due to cultural origins.,Humanoid,Greenland and Northern Canada,"In Inuit legend, they are the offspring of a woman and a dog, said to live inland and hunt humans.","Part-human, part-canine, aggressive, fast-moving, red-haired",7.5,"It is portrayed as hostile and predatory, often attacking humans on sight. Its behavior is aggressive, driven by vengeance in most tales.","The Adlet, also known as Erqigdlit, are half-human, half-dog beings from Inuit mythology. They are the offspring of a human woman and a dog husband, part of a dark legend in which the woman’s father punishes her by sending her hybrid children to distant lands. The Adlet are often portrayed as vicious and warlike, standing on two legs with canine features and incredible speed. They’re sometimes used as a mythological explanation for enemies or strange footprints found in snow. The tale reflects Inuit fears of social transgression and cultural outsiders.",1888,14,"The narrative is accepted as part of Inuit legend with symbolic meaning. No hoax has been confirmed, but physical sightings are unsupported.",No,4
25,Adze,Ewe Vampire,Appears in West African folklore studies and anthropological texts discussing vampiric entities. Occasionally mentioned in documentaries exploring global vampire myths. Media mentions are limited to folklore and ethnographic contexts.,Vampiric Spirit,"Togo and Ghana, West Africa",Ewe folklore portrays it as a vampiric spirit that can possess people and feed on their life force.,"Firefly form, blood-drinker, possesses people",9,"It transforms into a firefly to infiltrate homes and feed on blood during sleep. The behavior is predatory but covert, operating primarily at night.","The Adze is a vampiric entity from the Ewe folklore of Togo and Ghana. By day, it takes the form of a firefly, able to infiltrate homes through small cracks or keyholes. Once inside, it transforms into a human-like spirit that drains life force and blood from its victims — especially children — often blamed for illness or unexplained deaths. Adzes are also said to possess people, leading to madness or social misfortune. In modern interpretations, they are connected to ideas of witchcraft and psychological manipulation.",1901,6,"Most accounts of the Adze stem from West African folklore, particularly as a cautionary tale about shapeshifting spirits. There are no recorded hoaxes, but its role as a vampiric entity is understood to be allegorical.",No,4
26,Afanc,Avanc,Referenced in numerous Welsh mythology books and featured in several popular cryptid encyclopedias. Occasionally mentioned in documentaries exploring lake monsters and Celtic legends. Media mentions are modest but consistent due to its strong cultural folklore presence.,Lake Monster,"Llyn yr Afanc, Snowdonia, Wales, UK",Welsh legends describe it as a dangerous lake monster that causes floods and drowns those who disturb it.,"Beaver-crocodile hybrid, aquatic",6.5,"It is known to attack those who disturb its lake or approach its territory. Otherwise, it remains submerged and undisturbed in remote waters.","The Afanc is a lake-dwelling monster from Welsh mythology, believed to inhabit Llyn yr Afanc in Snowdonia. Often described as a mix between a beaver, crocodile, and demon, it was said to cause floods by thrashing about in the water, sometimes even killing those who disturbed it. Legends recount attempts to trap and relocate the beast, including one tale where it was dragged out of the lake by a maiden and chained by King Arthur. The Afanc symbolizes the chaos of nature and the dangers hidden beneath calm waters.",1136,11,"The Afanc is tied to Welsh mythology and appears in medieval texts as a lake monster. No modern hoaxes have surfaced, and its existence is considered purely symbolic within mythological tradition.",Yes,5
27,Afonya,N/A,Appears sporadically in Russian folklore forums and regional tales involving forest spirits. Lacks coverage in major cryptid databases or scholarly literature. Media mentions are nearly nonexistent outside Eastern European storytelling compilations.,Forest Spirit,"Ural Mountains, Russia",Slavic rural tales reference Afonya as a mischievous forest spirit who leads travelers astray.,"Mossy, bark-like, hunched, humanoid",2,"It is said to roam desolate stretches of road at night, avoiding human contact. When encountered, it behaves erratically but not violently.","Afonya is a lesser-known cryptid or forest spirit believed to haunt the dense woodlands of the Ural Mountains in Russia. Described as a hunched, humanoid creature with moss-like hair and bark-like skin, it is elusive and rarely seen. Some regional tales liken it to a forest guardian or elemental, protecting certain groves from logging or human intrusion. Sightings are sporadic and usually second-hand, with Afonya acting more as a mysterious presence than a physical beast. It's occasionally likened to Slavic forest spirits like the Leshy.",1982,4,"Mentions of Afonya are sparse and largely anecdotal. No direct hoaxes are documented, though its classification as a cryptid is based solely on regional storytelling.",No,2
28,African Capybara,N/A,"Briefly mentioned in fringe zoology discussions and speculative sightings reports, often conflated with oversized rodents. No credible documentation or historical record supports its existence. Media mentions are extremely rare and lack legitimacy.",Mammalian Cryptid,"Southern Cameroon, Central African Republic","Often considered a mistaken identity, it appears in colonial-era journals as a giant rodent seen in Africa.","Rodent-like, large, semi-aquatic",1,"It is reclusive and avoids detection, preferring swampy or riverbank environments. Reports suggest passive grazing rather than confrontational behavior.","The African Capybara is a lesser-known cryptid said to inhabit the wetlands of Southern Cameroon and nearby regions. Described as resembling the South American capybara but with darker fur and slightly longer limbs, it's believed to be either a surviving relative or a convergent evolutionary species. Sightings date back to early colonial reports, where villagers spoke of a water-dwelling beast that looked like an oversized rodent. Researchers have speculated it could be a large species of cane rat or an unclassified rodent. No definitive evidence has been gathered despite occasional sightings near riverbanks. Locals believe the creature is largely harmless and avoids humans. Some folkloric traditions view it as a symbol of luck, especially during rainy seasons.",1860s,8,"This cryptid is likely a misidentification of large rodents or exaggerated colonial-era reports. No proven hoaxes exist, but claims lack scientific support and are often linked to confusion with known species.",Yes,3
29,African Peacocks,N/A,Referenced in outdated travel accounts and occasionally mistaken for rare bird species in jungle cryptid stories. Not recognized in formal taxonomy or serious ornithological literature. Media mentions are scattered and largely based on misidentification.,Avian Cryptid,"Ituri Rainforest, Democratic Republic of the Congo",Associated with royal symbolism and mysticism in some West African folklore due to their vibrant plumage.,"Bright plumage, elusive, iridescent feathers",1,"They exhibit normal bird-like behavior and remain non-aggressive. Sightings are brief, and they typically flee when approached.","Unlike the known Congo peacock, the cryptid referred to as African Peacocks is often said to be larger, more vibrantly colored, and capable of producing hypnotic displays. Indigenous stories speak of these birds as forest guardians, their feathers believed to hold spiritual significance. While zoologists have cataloged similar birds, witnesses claim this version remains uncategorized, with sightings only by torchlight or full moon. Some consider them a forgotten royal species displaced by deforestation. Efforts to photograph or capture specimens have failed. Cryptozoologists are divided between myth and misidentification. The mystery remains unresolved.",1936,3,"Despite the exotic name, this refers to exaggerated descriptions of existing bird species. Early colonial observations sometimes inflated their size or behavior, though no deliberate hoaxes have been recorded.",No,2
30,Aglebemu,N/A,Mentioned in obscure aquatic cryptid lists and occasionally in West African oral tradition summaries. Absent from mainstream folklore or scientific literature. Media mentions are minimal and not substantiated by credible sources.,Aquatic Cryptid,"Cross River, Nigeria","Unknown folklore origins, but occasionally listed in speculative cryptid compilations referencing aquatic anomalies.","Serpentine body, glowing eyes, spiny back",4,"It lurks beneath riverbeds and surfaces unexpectedly, though rarely interacts with humans. Its behavior is unpredictable but not consistently threatening.","Aglebemu is a river cryptid believed to haunt the Cross River area in Nigeria. Locals describe it as a serpentine creature with glowing red eyes and a spine lined with jagged fins. It’s said to emit a low hum or vibration when angered, which some associate with supernatural power. Folklore connects it to river spirits and as a guardian of sacred waters. Fishermen tell tales of boats being capsized mysteriously or nets shredded overnight. While no photographs exist, there have been consistent oral reports across generations. Some cryptozoologists suggest it may be a large, unknown eel species or exaggerated crocodile sightings.",2004,1,Documentation is nearly nonexistent outside fringe cryptozoology. It is assumed to be a fabricated name or an obscure misreport with no supporting evidence or known hoaxes.,No,2
31,Agogwe,Little Hairy Men,Cited in multiple cryptozoology books and early 20th-century travel reports from East Africa. Occasionally appears in documentaries or media pieces comparing it to other hominid cryptids like the Orang Pendek. Media mentions are limited but persistent within niche cryptid discussions.,Humanoid Cryptid,"Eastern Tanzania, Mozambique","East African tribal lore describes it as a small, hairy humanoid seen darting through forests.","Small stature, covered in reddish-brown hair",2.5,It avoids populated areas and quickly retreats into the forest when seen. It shows no signs of aggression and prefers isolation.,"The Agogwe is a small humanoid creature said to roam the forests of East Africa. Witnesses describe it as standing around 3–4 feet tall with reddish-brown hair and an uncanny human-like gait. British explorers in the early 20th century documented strange sightings in Tanzanian jungles. Locals often speak of Agogwe as forest spirits rather than animals, attributing them intelligence and an aversion to human development. Reports typically involve fleeting glimpses before the creatures vanish into the underbrush. No physical evidence has surfaced, leading some to dismiss the cryptid as a case of mistaken primate identity. Still, the consistency in descriptions has intrigued cryptozoologists.",1931,25,"Some early 20th-century explorer reports describe small hairy humanoids in East Africa. Skeptics believe these to be fabrications or misidentifications, though no specific hoax was ever confirmed.",No,4
32,Agrios Anthropos,Wild Men of the Forest,Appears in speculative Greek creature compilations and some fringe mythological commentaries. Lacks historical documentation or cultural context in classical texts. Media mentions are negligible and confined to cryptid rumor circles.,Humanoid Cryptid,"Island of Rhodes, Greece",Greek myth and local shepherd tales tell of a savage forest man surviving in mountain wilderness.,"Tall, muscular, covered in mossy fur",6.5,"It appears territorial and defensive when approached, especially in rural areas. Reports suggest it acts with caution rather than open hostility.","Agrios Anthropos translates to 'Wild Man' in Greek and refers to a forest-dwelling humanoid on the island of Rhodes. Descriptions from ancient and medieval texts suggest a moss-covered man-like creature, often seen in olive groves or forest edges at dusk. The being is said to grunt rather than speak and to flee from human interaction. Ancient Greek myths reference similar beings, leading some to connect Agrios to satyrs or rustic gods. While many locals regard it as folklore, occasional sightings by hikers continue to keep the legend alive. Skeptics suggest it may have originated from early hermits or reclusive humans living in the wild.",1989,2,"No formal hoaxes have been uncovered, but the figure appears to be a hybrid invention based loosely on myths and unverified sightings. Its narrative lacks credibility in academic circles.",No,3
33,Agta,Anthro-Giant,Referenced in Filipino folklore studies and cultural anthropology works focused on forest spirits and tribal beliefs. Sometimes included in Southeast Asian creature features or local legend roundups. Media mentions are modest and primarily rooted in indigenous tradition.,Humanoid Cryptid,"Sierra Madre Mountains, Luzon, Philippines",Philippine mythology characterizes them as forest spirits or ancestral beings often depicted with red skin and smoking pipes.,"Tall, dark-skinned, long hair, glowing eyes",6,"It is known to kidnap or mislead travelers in the forest, often as a form of mischief or punishment. Its behavior is considered threatening in local folklore.","The Agta are tall, dark-skinned humanoids said to inhabit the forests of the Sierra Madre range. While there exists a real Agta ethnic group, cryptid accounts describe a supernatural race with glowing eyes and the ability to vanish into smoke. They're seen as forest tricksters or guardians depending on the tale. Many stories involve Agta warning travelers of danger or punishing those who disrespect the jungle. Eyewitness accounts come from both locals and soldiers stationed in remote parts of Luzon. Cryptozoologists approach with caution due to the cultural overlap. The legend remains an active part of Philippine rural mythology.",1990s,18,"The Agta are a real indigenous people of the Philippines, but stories about monstrous or semi-wild versions are considered colonial distortions. There are no formal hoaxes, but the cryptid interpretation is now viewed as culturally insensitive mythmaking.",No,4
34,Ah-Een-Meelow,N/A,Mentioned only in niche American cryptid compilations with little to no cultural context or origin clarity. No appearances in formal literature or mainstream media. Media mentions are virtually nonexistent outside fringe databases.,Avian Cryptid,"Colville Indian Reservation, Washington, USA","Native Alaskan folklore mentions it as a land-dwelling, shadowy creature feared for its stealth and cries.","Huge wingspan, vulture-like, eerie screech",4.5,"It is passive and largely sedentary, appearing primarily in dreams or altered states. Its presence is more symbolic than physical.","Ah-Een-Meelow is a giant bird cryptid described by the Colville Tribe in Washington State. Said to have a wingspan of over 20 feet and an emaciated, vulture-like appearance, the creature is feared for its predatory nature. Its name translates loosely to 'Bone-Cleaner' or 'The One That Feeds on Death.' Some witnesses have reported hearing its shrieking cries at night or spotting it perched atop dead trees. Folklore warns that to see the bird is to be marked by misfortune. While there are no confirmed modern sightings, it remains an ominous figure in regional storytelling.",1950s,1,"The creature’s existence is poorly documented and mostly anecdotal. It is assumed to be folkloric in nature, with no proven hoax but no verifiable evidence either.",No,2
35,Ahuitzotl,Water Dog,Cited in Aztec mythology texts and Mesoamerican deity references. Occasionally mentioned in documentaries about pre-Columbian monsters or in speculative cryptid blogs. Media mentions are sporadic but tied closely to cultural and historical myth.,Aquatic cryptid,"Lake Texcoco, Valley of Mexico, Mexico","Aztec mythology feared it as a water-dwelling beast with a hand on its tail, known for drowning victims.","Simian body, hand on tail, aquatic, predatory",8,It is said to lure humans to the water's edge before drowning them. The behavior is strategic and intentionally deceptive.,"The Ahuitzotl is a creature from Aztec legend said to inhabit the lakes and rivers of central Mexico, especially Lake Texcoco. Described as dog-like with a hand on its tail, it was feared for dragging people underwater. The creature was believed to devour only eyes, teeth, and nails, suggesting ritualistic or supernatural intent. Some scholars see it as symbolic of natural drownings or as a warning myth for children. Its name means 'thorny one of the water.' It appears in multiple codices, including the Florentine Codex. The creature was sometimes associated with the rain god Tlaloc. Its mythos blends fear of water with ceremonial sacrifice elements. ",1519,7,"Rooted in Aztec mythology, the Ahuitzotl was likely used as a symbolic guardian of sacred waters. While no hoaxes are documented, its depiction is understood to be mythological rather than literal.",Yes,5
36,Ahool,Jungle Bat,Appears in several well-known cryptid encyclopedias and has been referenced in documentaries on flying cryptids and bat-like creatures. Mentioned in speculative zoology texts and Southeast Asian folklore summaries. Media mentions are moderate and sustained due to recurring interest in winged humanoid sightings.,Flying cryptid,"Java Rainforests, Indonesia",Indonesian folklore from Java describes a giant bat-like creature seen soaring above jungle canopies.,"Giant bat-like wings, ape face, nocturnal",6,"It flies silently above the rainforest canopy and is rarely aggressive unless startled. Most behavior descriptions suggest an elusive, nocturnal existence.","The Ahool is said to be a massive bat or flying primate native to Java's dense rainforests. With a wingspan over 10 feet and an ape-like face, it emits a loud ‘a-hoooool’ cry, from which its name is derived. It was first reported in the 1920s by naturalist Dr. Ernest Bartels, who claimed to have seen it up close. Eyewitnesses describe its body as covered in gray fur and capable of agile nocturnal flight. Despite rare sightings, some believe it could be a misidentified giant fruit bat. The Ahool is part of a larger mythos of flying humanoids in Southeast Asia. Its elusive nature has kept it in cryptozoological obscurity. ",1925,16,"Multiple supposed sightings in Indonesia were later linked to large bat species. Though no individual was caught perpetrating a hoax, the creature is now largely dismissed as mistaken identity or legend.",No,6
37,Aitvaras,Hauskapene,Referenced in Lithuanian folklore collections and occasionally mentioned in works on European house spirits or dragons. Rarely discussed in mainstream cryptid circles or media. Media mentions are sparse and mostly confined to cultural storytelling anthologies.,Spirit/Household creature,"Lithuania, rural villages",Baltic mythology presents it as a house spirit that appears as a fiery serpent and brings wealth—at a price.,"Shapeshifter, snake/firebird form, brings wealth",3.5,"It behaves as a household guardian when treated well, bringing wealth to its chosen family. When offended or mistreated, it may cause mischief or disappear entirely.","The Aitvaras is a household spirit from Lithuanian folklore, often taking the form of a black rooster or fiery snake. It's believed to bring wealth to a home by stealing from others, making its blessings morally ambiguous. It is said to enter homes through chimneys and reward those who keep it with riches, but often at a spiritual cost. Many legends warn against killing or offending an Aitvaras, as they can retaliate. It sometimes overlaps with dragon or demon-like imagery in local myths. The Aitvaras may also be linked to broader Indo-European fire-spirit motifs. Despite its criminal tendencies, some households revered it like a guardian. ",1853,5,"The Aitvaras is rooted in Baltic folklore and is widely understood to be a symbolic house spirit rather than a physical creature. No modern hoaxes have been linked to it, and its role remains mythological.",Yes,3
38,Aiatar,Forest Fiend,Occasionally mentioned in Baltic folklore compilations with limited detail and sparse interpretation. Rarely cited in modern cryptid databases or documentaries. Media mentions are almost nonexistent outside regional mythology summaries.,Beast,"Carpathian Mountains, Romania","Referenced in obscure European folk tales as a spirit linked to decay and illness, sometimes birdlike in form.","Slime-covered, venomous, wolf-like",5,"It quietly lurks in the forest, targeting unsuspecting travelers. Its behavior is stealthy and venomous, but rarely witnessed directly.","Aiatar is a lesser-known cryptid from Romanian folklore, described as a large wolf-like beast covered in venomous slime. It is believed to lurk in the deep forests of the Carpathians, attacking any creature that ventures too close. The toxic slime it secretes is said to rot flesh and contaminate water sources. Despite its terrifying traits, it is rarely mentioned outside of obscure regional myths. Some scholars believe it could be a folk memory of diseased wolves or rabid animals. Aiatar is often cited in bestiaries meant to scare children away from wandering into dangerous terrain. Its myth remains localized and rarely appears in modern media. ",1960s,2,"This creature exists primarily in Finnish folklore and carries strong symbolic weight as a forest demon. There are no recorded hoaxes, and it is generally accepted as a mythological figure rather than a cryptid.",Yes,2
39,Air Rods,Skyfish,Widely discussed in paranormal documentaries and internet forums from the early 2000s onward. Frequently analyzed in episodes of shows like “Fact or Faked” and YouTube conspiracy content. Media mentions are numerous but largely discredited as optical artifacts.,Aerial anomaly,Various – primarily North America and East Asia,"Modern folklore considers them atmospheric entities, often dismissed as camera artifacts or optical illusions.","Rod-shaped, translucent, fast-moving, winged",2,"They zip through the air in straight or looping paths, entirely non-aggressive. Their behavior remains unexplained and is more anomalous than threatening.","Air Rods, or 'skyfish', are aerial entities captured in video footage as fast-moving rod-shaped blurs. Originally appearing in camcorder footage from the 1990s, they were believed by some to be unknown lifeforms. However, analysis shows most air rods are optical illusions caused by moths or insects captured with slow shutter speeds. Despite widespread debunking, some enthusiasts maintain they are cryptids or even interdimensional beings. They were featured in paranormal shows and YouTube conspiracy videos. Air rods remain a case study in how perception and technology can create new legends. The phenomenon has largely faded with high-frame-rate cameras revealing their true nature. ",1994,350,"Several videos in the early 2000s claimed to show flying rod-like entities. These were later debunked as optical illusions caused by camera shutter speeds and flying insects, making this one of the most thoroughly debunked cryptid phenomena.",Yes,6
40,Akita Lion,N/A,Mentioned briefly in regional Japanese cryptid lists with little supporting folklore or zoological evidence. Absent from mainstream cryptozoology literature or reputable sightings compilations. Media mentions are almost nonexistent outside speculative creature blogs.,Beast,"Akita Prefecture, Honshu, Japan",Japanese rural tales describe it as a lion-like beast occasionally spotted in mountain regions of Akita Prefecture.,"Large cat-lion hybrid, thick fur",4,"It is elusive and avoids populated areas, preferring dense forests. The creature has not displayed hostile behavior in reported sightings.","The Akita Lion is a rare mention in Japanese regional folklore, described as a lion-like feline roaming the forests of Akita Prefecture. Said to be covered in a thick, almost mane-like coat, it resembles a hybrid between a mountain lion and a snow leopard. Most accounts are anecdotal, shared by rural villagers or elderly storytellers. It may originate from misidentifications of wild dogs or escaped exotic pets. There are no significant media mentions or documented sightings, and it remains more of a whispered myth than a celebrated legend. Still, it holds a small place in local oral traditions. ",1990s,4,"No verified sightings or photographic evidence exist for the so-called Akita Lion. It is believed to be a fabrication or a case of mistaken identity, with no formal hoaxes documented but credibility remaining extremely low.",No,2
41,Akkorokamui,Giant Octopus Kami,Regularly cited in Ainu mythology texts and Japanese yokai encyclopedias. Featured in several international documentaries on sea monsters and giant cephalopods. Media mentions are moderate and supported by cultural myth references.,Sea monster,"Funka Bay, Hokkaido, Japan",Ainu mythology warns of a gigantic red octopus-like sea monster inhabiting Funka Bay in Hokkaido.,"Red-skinned, octopus-like, massive (up to 100 ft)",7.5,"It reacts violently to perceived threats, capable of capsizing boats or dragging prey underwater. Otherwise, it remains hidden in deep waters near coastal areas.","Akkorokamui is a colossal octopus-like sea monster from Ainu folklore in Hokkaido. Said to inhabit Funka Bay, this bright red creature spans up to 100 feet in length and is revered and feared for its power. It can cause whirlpools and capsize boats, particularly if offended. The Ainu regarded it with both reverence and caution, sometimes offering sacrifices to appease it. Similarities exist with global kraken legends, though Akkorokamui has a distinctly spiritual role in Ainu culture. Modern interest has revived its myth through anime and online cryptid lists. Despite no verified sightings, it's one of Japan’s most well-known sea legends. ",1884,12,"While some believe in its presence due to regional Ainu legends, there are no modern hoaxes tied to this aquatic entity. It is considered a mythic creature with spiritual and cultural significance rather than a subject of fraud.",No,6
42,Alicanto,Gold Bird,Included in Chilean folklore anthologies and occasionally referenced in mining lore discussions. Appears in a few Latin American cryptid documentaries and children’s books. Media mentions are modest but regionally consistent.,Mythical bird,"Atacama Desert, Chile",Chilean miners' folklore says it is a glowing bird that feeds on precious metals and can lead or mislead treasure hunters.,"Metallic feathers, nocturnal, glows in dark",2.5,"It leads travelers astray or to fortune depending on the intent of the follower. The behavior is secretive but not violent, often symbolic in folk stories.","Alicanto is a luminous bird from Chilean folklore, said to appear near mineral-rich areas in the Atacama Desert. Its metallic feathers glow in the dark, and it feeds on gold and silver. Miners believed spotting an Alicanto could lead to fortune or doom, depending on whether they were respectful. The bird cannot fly due to its heavy diet of ore, but can run swiftly through the desert. Legends portray it as both a protector and a harbinger of misfortune. It appears in mining songs and tales, passed down for generations. While rarely mentioned in global media, it remains a beloved Chilean legend. ",1780s,9,"The Alicanto is a mythological creature from Chilean mining folklore. It was used to explain mysterious disappearances or fortunes in mines. No hoaxes have been recorded, and its origins are accepted as purely allegorical.",Yes,5
43,Alien Big Cats,Phantom Cats,"Frequently covered in British tabloids and television documentaries about unexplained animals. Mentioned in cryptozoology books and local news segments, especially regarding alleged sightings in the UK countryside. Media mentions are extensive and ongoing.",Mammalian Cryptid,"United Kingdom (Exmoor, Bodmin Moor, Surrey); Australia; New Zealand",British countryside legends tell of black panthers or leopards mysteriously appearing where they shouldn't.,"Panther-like, muscular, glowing eyes, silent movement",6.5,"They behave similarly to large predatory felines—stealthy, territorial, and quick to flee when encountered. Attacks are rare but often speculated.","Alien Big Cats are mysterious large felines seen roaming non-native environments like the English countryside. Often described as resembling panthers or cougars, these animals have sparked debates over whether they are actual escaped exotics or supernatural entities. The Bodmin Moor sightings in Cornwall gained national attention, leading to investigations and media coverage. Some theories suggest they're relic populations or interdimensional beings. Despite consistent reports, no carcass has ever been found. They are typically solitary and seen at night. DNA evidence from livestock kills sometimes hints at large cats. Eyewitness accounts vary from credible locals to farmers. Their persistence in folklore suggests they may be more than misidentifications.",1760,150,"Numerous claims of large non-native cats in places like the UK have led to hoax reports, planted footprints, and staged photographs. While some reports may be sincere misidentifications, multiple cases have been proven to be deliberate fabrications.",No,6
44,Aliens,UFO Entities,"Dominant in global media across film, television, books, and digital platforms for over half a century. Central to major sci-fi franchises and countless documentaries, news stories, and conspiratorial investigations. Media mentions are vast and deeply embedded in pop culture.",Non-Terrestrial,"Worldwide (notably Roswell NM, Area 51 NV, Rendlesham Forest UK)",Global mythologies and modern UFO lore reference non-human intelligences visiting or abducting people.,"Humanoid or insectoid forms, large eyes, gray or green skin, advanced technology",9,"Their behavior varies widely depending on the account, ranging from passive observation to active abduction. Most reports describe detached, clinical interactions with minimal emotional intent.","Aliens are perhaps the most debated cryptid category, spanning UFOlogy and science fiction. They are often described as technologically superior beings from other planets or dimensions. Notable sightings include Roswell (1947) and the Phoenix Lights (1997), sparking global interest. Popular alien types include the Greys, Nordics, and Reptilians. Their purposes range from scientific observation to abduction, genetic experiments, or even interstellar diplomacy. Aliens dominate conspiracy theories and have left alleged physical traces like implants or radiation marks. Governments like the U.S. have slowly disclosed military footage confirming unidentified aerial phenomena (UAPs). While the scientific community remains skeptical, global belief persists.",1947,100000+,"The alien phenomenon has seen countless hoaxes, from doctored UFO photographs to fabricated alien abduction stories. Famous examples include the 1938 ""War of the Worlds"" broadcast panic and the 1995 Roswell autopsy video, both of which were later exposed as misleading or fictional.",No,10
45,Almas,Hairy Men,"Regularly included in cryptozoology encyclopedias and humanoid creature studies, especially in the context of Mongolian and Russian folklore. Appears in documentaries about wild men and lost human relatives. Media mentions are steady and tied to persistent interest in hominid cryptids.",Hominid,Caucasus Mountains (Russia/Georgia); Pamir Mountains (Tajikistan); Altai Range (Mongolia),"Mongolian and Russian folklore portrays it as a wild, primitive humanoid that lives in the Altai Mountains.","Hair-covered humanoid, bipedal, strong jaw, no speech",6,"It avoids human contact and lives in remote mountain regions. Though physically imposing, it behaves cautiously and has not been known to initiate aggression.","The Almas are reclusive ape-like humanoids, often described as more primitive than modern humans. Their legends are deeply embedded in Mongolian and Russian folklore. Unlike Sasquatch, the Almas are seen as closer to Neanderthals, with some theories proposing they are surviving archaic hominins. Many alleged sightings come from shepherds and villagers in the remote regions of the Caucasus. Despite searches by Soviet scientists and cryptozoologists, no remains have been discovered. Reports describe family groups and rudimentary tool use. The Almas are generally non-aggressive and avoid humans. Their consistency across cultures gives them weight in cryptid circles.",1430,42,"The Almas, described as a wild man from Central Asia, lacks hard evidence. Some reports have been tied to hoaxes or unreliable secondhand stories, though no single hoax has been definitively identified as the origin.",No,7
46,Altamaha-ha,Altie,"Featured in Southern U.S. folklore collections and multiple American cryptid books. Appears in local news stories, travel blogs, and river monster-themed documentaries. Media mentions are moderate and geographically concentrated.",Aquatic Cryptid,"Altamaha River, near Darien, Georgia, USA",Georgia coastal folklore tells of a river monster seen gliding through the Altamaha River.,"Gray, seal-like body, 20–30 feet long, multiple humps, alligator-like snout",5.5,"It moves smoothly through rivers and rarely surfaces, avoiding boats and human activity. Reports suggest a shy, almost evasive nature.","Altamaha-ha, or 'Altie,' is Georgia's own river monster, often compared to the Loch Ness Monster. Sightings date back to indigenous Muscogee tales and colonial accounts. It is described as a large, serpentine creature with seal-like skin and a long body that undulates through the water. Witnesses have claimed to see it surfacing in tidal rivers near Darien, especially in spring. Although no conclusive photos exist, locals continue to report encounters. It has gained cult popularity and is a feature in local tourism and souvenirs. No harm has ever been attributed to it. The creature is usually seen briefly before disappearing beneath the water.",1830s,27,"Sightings of the Altamaha-ha in Georgia’s coastal waterways have never been substantiated. While no direct hoaxer has come forward, several stories are suspected to be tourist-driven fabrications or local lore inventions.",No,6
47,Ameranthropoides loys,Loy's Ape,Briefly covered in older cryptozoological texts and sometimes cited in discussions on hoaxes or misidentified primates. Rarely appears in recent media or academic reviews. Media mentions are minimal and often critical in tone.,Primate,Venezuela–Colombia border near Rio Tarra,Early 20th-century reports in South America claimed the discovery of a tailless ape resembling a proto-human.,"Ape-like, no tail, long limbs, facial expressions like humans",4.5,"It was observed standing upright and displaying curiosity toward the observers before being shot. Its behavior was more passive than confrontational, with no indication of aggression.","Ameranthropoides loysi is based on a single photo taken by Swiss geologist François de Loys, allegedly showing an ape-like creature with humanlike proportions and no tail. The photo caused a stir in the 1920s as a potential discovery of a South American anthropoid. However, skeptics believe it’s a misidentified spider monkey. Its name was given retroactively to classify it scientifically, despite lack of specimen. It has inspired debates in cryptozoology as a case of either photographic hoax or overlooked species. The original location remains remote and poorly documented. No follow-up sightings have occurred.",1920,1,"The photograph of a supposed South American ape-man was presented by François de Loys in the 1920s. It was later determined that the creature was likely a spider monkey posed for scale, making this a documented zoological hoax.",Yes,4
48,American Hyena,Shunka Warakin,Appears sporadically in North American cryptid forums and speculative bestiary compilations. Occasionally referenced in discussions of extinct Pleistocene fauna and modern-day sightings. Media mentions are limited and usually anecdotal.,Mammalian Cryptid,"Upper Midwest US (Minnesota, Iowa, Wisconsin), Great Plains",Frontier folklore in North America includes tales of a hyena-like predator stalking livestock and graveyards.,"Sloping back, high shoulders, short snout, dark fur",7,"It moves in short bursts and tends to scavenge rather than hunt. While intimidating in appearance, it exhibits evasive behavior when confronted by humans.","The American Hyena, or Shunka Warakin, is a predator described as resembling a hyena or wolf-dog hybrid. Tales come from Native American folklore and 19th-century settlers who claimed it stalked livestock and emitted unnatural howls. Some speculate it is a misidentified striped hyena or prehistoric holdout. A mounted specimen was once displayed in a Montana museum and later studied as part of cryptozoological investigations. The creature is feared for its aggression and cunning. It is usually spotted at dusk or dawn. It leaves tracks unlike any known North American mammal and is known to stalk before attacking.",1850s,14,"Some alleged sightings have been traced back to escaped exotic pets or misidentified animals. Though no major hoaxes have been confirmed, anecdotal exaggerations and folklore make verification difficult.",No,5
49,American Lions,N/A,Mentioned in paleontological contexts and occasionally confused with cryptid reports involving large feline sightings. Coverage is typically scientific rather than folkloric. Media mentions are present but not tied to cryptozoology narratives.,Extinct/Fossil Cryptid,Western and Central United States,Legends persist in rural areas about oversized felines resembling prehistoric lions still roaming wilderness areas.,"Very large feline, short mane, larger than African lions",8,"They behave like apex predators, stalking prey across vast distances. However, reports of aggression toward humans are rare and often speculative.","American Lions refer to supposed sightings of Panthera atrox, a giant extinct lion from the Pleistocene epoch. While traditionally believed extinct for 10,000 years, some cryptozoologists suggest they may have survived in isolated regions. Witnesses describe enormous lions with lighter fur and shorter manes. Sightings often occur in mountainous or desert regions. No hard evidence exists, but fossil records suggest these lions were once common. Some Big Cat sightings in the American West may be linked to this theory. Their rarity makes them a fringe cryptid compared to more sensational cases.",1870s,6,OK great now give me info on documented Hoaxes for these cryptids: 2-5 sentences. No bullets. No headings. Maintain consistent tone,Yes,6
50,Ankylosaur of Katsuro Desert,Desert Ankylosaur,Referenced exclusively in speculative dinosaur survival literature and fringe online cryptid lists. Lacks historical or cultural grounding. Media mentions are extremely rare and not substantiated by credible sources.,Reptilian Cryptid,"Katsuro Desert, Mongolia",Modern myth rooted in paleontological speculation describes a dinosaur-like beast sighted in remote desert regions.,"Heavily armored, spiked tail, reptilian features",3,"It is described as slow-moving and territorial, often spotted alone. There is no record of direct aggression, suggesting a defensive rather than offensive nature.","This cryptid refers to modern-day sightings of a living Ankylosaurus in the remote Katsuro Desert of Mongolia. Eyewitnesses claim to have seen a slow-moving, heavily armored reptile with a clubbed tail. Similar to Mokele Mbembe, it’s considered a possible dinosaur holdover. Sightings are rare and lack photographic evidence, though they persist in Mongolian oral lore. Its environment is sparsely populated and difficult to access. Some scientists dismiss it as a misidentified large lizard or hallucination. Still, cryptid enthusiasts consider it a candidate for surviving prehistoric fauna.",1970s,2,"This cryptid appears to be based on speculative accounts from fossil misinterpretations. No legitimate sightings exist, and the few reports seem rooted in paleontological confusion rather than deliberate hoaxes. It is regarded more as a misclassification than a deception.",Yes,3
51,Araǵanaqlta’a,N/A,Cited in limited regional accounts with little elaboration or cultural documentation. Absent from mainstream cryptid encyclopedias or media. Media mentions are nearly nonexistent outside obscure listings.,Forest Spirit,"Interior Alaska, near Yukon River tributaries",Inuit oral traditions reference it as a shapeshifter that dwells in icy crevices and mimics human voices.,"Elusive, tall, camouflaged with bark-like skin, no vocal cords",6,"It remains mostly unseen, believed to whisper or stir winds in the night. Reports focus more on its unsettling presence than on any physical action.","Araǵanaqlta’a is a cryptid rooted in Interior Alaskan folklore, often described as a forest guardian with semi-spiritual properties. Indigenous tales describe it as capable of blending with trees and only appearing in liminal states such as dawn or during vivid dreams. It is considered a non-aggressive creature, more concerned with territory and balance. Despite numerous stories, there are no verifiable images or physical traces. Local elders claim that harming the creature leads to spiritual misfortune. It is said to emit a calming presence rather than fear. Cryptozoologists often overlook it due to its supernatural elements. It has been cited in a few obscure anthropological records but rarely discussed beyond that.",2000s,1,There is no evidence of documented hoaxes tied to this entity. It is understood to stem from regional oral traditions and functions more as a spiritual or symbolic figure within its cultural origin.,No,2
52,Atmospheric Beasts,Sky Creatures,Occasionally featured in paranormal-themed podcasts and speculative zoology writings. Mentioned in fringe science and UFO-adjacent communities as potential explanations for aerial anomalies. Media mentions are rare and confined to pseudoscientific media.,Aerial Entity,"Upper atmosphere; sightings globally (USA, UK, Australia)",Modern paranormal theories speculate about cloud-like living organisms drifting through Earth’s upper atmosphere.,"Translucent, jellyfish-like, bioluminescent, massive size",2,"They float or drift silently through the sky, seemingly unaffected by human activity. Their behavior is elusive and non-confrontational.","Atmospheric Beasts are theorized as biological entities that dwell in the upper atmosphere. They are often described as giant, slow-moving, semi-transparent organisms resembling jellyfish or manta rays. Sightings sometimes overlap with UFO reports, especially those involving large floating shapes. Some theorists suggest they feed on electromagnetic energy or static. Due to their altitude and evasive movement, they are rarely captured on video or radar. Believers argue they are native to Earth but unknown to science. Others propose they are extra-dimensional. Mainstream science does not recognize their existence.",1870s,120,"Claims involving floating or translucent sky creatures were popularized in fringe literature and amateur video footage. Many of these videos were later proven to be camera artifacts or misunderstood natural phenomena, leading to widespread debunking. Though not all claims are considered hoaxes, numerous instances involved misrepresentation of common atmospheric effects.",No,5
53,Auli,N/A,Appears in scattered cryptid name databases with minimal contextual information or lore. Not found in major mythological or media sources. Media mentions are almost entirely absent.,Forest Spirit,"Latvia and Lithuania, dense woodlands near Curonian Lagoon","Obscure in origin, some Himalayan tales mention Auli as a creature with hypnotic eyes dwelling at high altitudes.","Small, glowing eyes, humanoid shape, wears moss and bark",4,"It is said to guard specific locations, appearing briefly before vanishing. The behavior is mostly symbolic, with no record of violence or pursuit.","Auli is a forest-dwelling cryptid known to Baltic folklore, especially in regions bordering the Curonian Lagoon. It is described as a small humanoid entity that appears to the lost or those performing rituals. While often mischievous, it is not considered malevolent. Locals leave offerings to Auli during seasonal festivals for good luck. Reports are mostly anecdotal, passed down generationally. There are no known photos or physical traces. Its presence is more spiritual than physical according to most accounts. It is occasionally blamed for leading travelers astray or causing minor disturbances in nature.",1800s,3,"The Auli is rooted in obscure folklore and has no verifiable sightings. No formal hoaxes have surfaced, and its existence is generally tied to oral myth rather than attempts at deception.",No,2
54,Australian raptor,Thunderbird Raptor,Briefly discussed in cryptid compilations focusing on supposed dinosaur survivals in remote areas. Referenced in a few speculative articles about outback sightings. Media mentions are minimal and often dismissed.,Reptilian Cryptid,"Australian Outback, Northern Territory and Western Australia","Outback sightings describe it as a large, predatory bird said to snatch small animals and occasionally livestock.","Feathered, bipedal, sharp claws, piercing call",7.5,It flies at low altitudes and may display predatory stalking similar to birds of prey. There are no credible reports of attacks on humans.,"The Australian Raptor is a cryptid reported in remote desert regions of Australia, described as a dinosaur-like creature similar to a Velociraptor. Witnesses claim to see bipedal reptiles sprinting across dirt roads or hunting small animals. Some believe it is a relic population of ancient dinosaurs, possibly evolving to survive in harsh desert climates. Its size is estimated at 1–1.5 meters tall. Reports come mostly from Aboriginal accounts and outback drivers. Despite dramatic descriptions, no evidence has been recorded. It is sometimes associated with Dreamtime stories, though this is debated. Scientists dismiss it as misidentified emus or hallucinations.",1990s,18,"This alleged cryptid lacks consistent physical evidence and is often conflated with large birds or misidentified emus. While no specific hoax has been exposed, skepticism remains high due to the vague and anecdotal nature of reports.",No,3
55,Azhi Dahaka,Zahhak,Prominently featured in ancient Persian mythological texts and Zoroastrian writings. Occasionally appears in scholarly works and cultural mythology documentaries. Media mentions are steady but focused on symbolic rather than cryptozoological interpretation.,Mythical Serpent,"Persia/Iran, especially in texts like the *Shahnameh*",Zoroastrian mythology portrays it as a three-headed dragon corrupted by evil and chained beneath the earth.,"Three-headed, serpents for shoulders, enormous body",9.5,"In myths, it acts with destructive intent and apocalyptic motives. It embodies malevolent behavior but exists more as a symbolic force than an actively seen creature.","Azhi Dahaka is a legendary creature in Zoroastrian mythology, feared as a bringer of destruction and plague. He is described as having three heads, six eyes, and serpents growing from his shoulders that feed on human brains. His tale represents cosmic struggle between good and evil. In the *Shahnameh*, he is eventually defeated and chained inside a mountain, awaiting the end of the world. Scholars interpret him as a metaphor for tyranny or disease. Some believe his myth was based on early encounters with large reptiles or fossil finds. He is often cited as an archetypal dragon in Persian literature. No physical sightings exist, only historical myth.",Pre-1000 BCE,0,Azhi Dahaka is a mythological dragon from ancient Persian texts. It is not considered a cryptid and has never been the subject of any modern hoax. Its origins are purely literary and symbolic.,Yes,6
56,Baclou,N/A,Referenced in Guadeloupean folklore and French Caribbean spirit lore collections. Occasionally mentioned in comparative demonology texts. Media mentions are rare and tied closely to regional oral tradition.,Spirit Familiar,"Benin, Togo, French Antilles",Caribbean and West African folklore warns of a goblin-like creature that grants wealth in exchange for a soul.,"Tiny humanoid, often hidden in a box or jar, spirit-based",3.5,It behaves according to how it is treated—generous to those who respect it and vindictive to those who don’t. Most stories involve it working behind the scenes rather than taking direct action.,"The Baclou is a spirit creature from West African and French Caribbean voodoo traditions. It is believed to be summoned using dark rituals and kept in small containers to serve its master. In exchange for wealth or protection, the Baclou may demand offerings or eventually turn on its owner. The spirit is said to operate invisibly, stealing or sabotaging enemies. Legends warn against mistreating or neglecting the creature. It has no fixed appearance but is often imagined as a small, mischievous figure. The Baclou is sometimes confused with gremlins or imps. Its myth serves as a warning about selfish magic.",1800s,11,"The Baclou is a spirit figure in West African and Caribbean folklore. No sightings or hoaxes have been documented, and it is widely recognized as a mythological being rather than a biological entity.",Yes,3
57,Baital,Vetala,Featured in Indian mythological tales and included in traditional ghost and vampire lore. Occasionally cited in collections of subcontinental supernatural entities. Media mentions are limited and mostly literary.,Undead Spirit,"India, primarily in Maharashtra and Uttar Pradesh",Hindu legends depict it as a vampiric spirit that hangs upside-down from trees and tells riddles to test humans.,"Bat-like, ghostly, undead; walks through shadows",6.5,"It is believed to possess or mimic the living, often in secret. Its behavior is deceptive and parasitic rather than openly violent.","Baital is a revenant entity from Indian mythology, known for possessing corpses and engaging in riddles with wise men or kings. In the *Baital Pachisi* stories, King Vikram must capture the spirit and answer its questions correctly. Baital resides in cemeteries or trees and can exit bodies at will. It is associated with moral tests and karmic lessons. Modern interpretations portray it as a demonic vampire. It is feared but also respected in rural communities. It appears frequently in Indian popular media. Some scholars consider it a symbolic guardian of justice.",1060s,5,"Baital, originating in Indian folklore, is a vampire-like spirit associated with ancient tales. No modern hoaxes have been linked to it, and its role is entirely mythological with symbolic undertones.",Yes,3